Physics_Setting,total_tbins,tbin_number,t_min,t_max,t_central,total_phibins,phi_central,avg_Q2,avg_Q2_err,avg_W,avg_W_err,avg_eps,avg_eps_err,avg_theta,avg_theta_err
Q3p85_W2p62_t0p21_loweps_center,5,1,0.1600,0.2360,0.1980,15,180.0000,3.935702,0.011937,2.603848,0.011478,0.289489,0.006753,0.010570,0.001596
Q3p85_W2p62_t0p21_loweps_center,5,2,0.2360,0.2700,0.2530,15,180.0000,3.954822,0.005350,2.590767,0.002329,0.296376,0.002447,0.018023,0.001711
Q3p85_W2p62_t0p21_loweps_center,5,3,0.2700,0.3080,0.2890,15,180.0000,3.986764,0.010293,2.592176,0.007677,0.290161,0.005534,0.013468,0.004503
Q3p85_W2p62_t0p21_loweps_center,5,4,0.3080,0.3540,0.3310,15,180.0000,3.940779,0.019089,2.576248,0.003671,0.309492,0.003329,0.042060,0.007241
Q3p85_W2p62_t0p21_loweps_center,5,5,0.3540,0.5000,0.4270,15,180.0000,4.043859,0.023801,2.567860,0.006969,0.299292,0.003679,0.025240,0.006261
