Physics_Setting,Beam_Energy_loweps,Beam_Energy_higheps,epsilon_low,epsilon_high,total_tbins,tbin_number,t_min,t_max,t_central,total_phibins,phi_central,theta_cm,data_avg_Q2,data_avg_Q2_err,data_avg_W,data_avg_W_err,simc_avg_Q2,simc_avg_Q2_err,simc_avg_W,simc_avg_W_err
Q3p85_W2p62_t0p21,6.39566,10.557302,0.2867161033234622,0.7778733536272833,5,1,0.16,0.236,0.198,15,180.0,5.701726323445186,3.6160109764088553,0.001593943959086979,2.6740981894390936,0.00039024417489592065,3.6115997770996997,0.00040871918905799337,2.6774781278585023,0.00010270872463402311
Q3p85_W2p62_t0p21,6.39566,10.557302,0.29156296200455567,0.7792421228397913,5,2,0.236,0.272,0.254,15,180.0,9.041629101333134,3.774916123423979,0.0019340135075429365,2.634962376230666,0.0004912224019088735,3.7568750096473984,0.0005330127975014047,2.6395826578714723,0.00013945666945503173
Q3p85_W2p62_t0p21,6.39566,10.557302,0.29346512916954154,0.7797693340533258,5,3,0.272,0.308,0.29,15,180.0,10.929041451517625,3.843899398965449,0.0023578928481080303,2.6180387927412156,0.0005902527125023919,3.825599555251661,0.0007360584320760859,2.6219327177572693,0.0001901823305038133
Q3p85_W2p62_t0p21,6.39566,10.557302,0.29486912665514153,0.7801707927469836,5,4,0.308,0.354,0.331,15,180.0,13.033457414307017,3.8862418731587502,0.0024976198653117233,2.607281392335315,0.0006254894685835874,3.8946730139520214,0.0008403392837461308,2.604750825416104,0.00021487112758200176
Q3p85_W2p62_t0p21,6.39566,10.557302,0.29531020200901437,0.7802547107406149,5,5,0.354,0.5,0.427,15,180.0,17.3617035624712,3.9286576284200536,0.002306574125626784,2.5977325449397384,0.0005748338387066967,3.9933419310782274,0.000779211959362977,2.5802626565152966,0.00019446834275768969
