t_central,theta_cm,Q2,sigma_L,sigma_L_err,sigma_T,sigma_T_err,sigma_LT,sigma_LT_err,sigma_TT,sigma_TT_err
0.198,5.68,3.6168,-0.00015267989131707285,0.00012557040389216928,6.400171318374992e-05,4.8932508046538614e-05,-1.3020615919646939e-05,2.30246023282755e-05,0.00010165766564351129,5.588199736270671e-05
0.253,9.01,3.77112,-4.497893227649109e-06,1.2387593813056598e-05,4.110440762065171e-06,5.016008415828267e-06,1.1956646459994947e-06,1.085362388633143e-06,3.5954806619635353e-06,5.678613780979878e-06
0.289,10.95,3.83474,4.640455556830929e-05,2.5562772823533433e-05,5.974911546273437e-06,9.780143825723864e-06,-3.127216872140496e-05,1.0393223678810959e-05,4.8062020681649984e-05,1.817528991198404e-05
0.331,13.1,3.87784,-3.654109508790379e-06,6.827981082580851e-06,2.2867745958385776e-06,3.7272664972132247e-06,-1.2675710596307557e-06,3.4710911329563236e-06,-2.3739039441415013e-07,5.558132033547227e-06
0.427,17.42,3.91888,-0.0009519304048324241,0.0005718902084062669,0.0005523315857751058,0.00029323260677135076,0.00013883256116377523,5.7731907023932714e-05,-0.0004215970962250783,0.00028322558119085967
