t_central,theta_cm,Q2,W,sigma_L,sigma_L_err,sigma_T,sigma_T_err,sigma_LT,sigma_LT_err,sigma_TT,sigma_TT_err
0.198,5.7,3.61601,2.6741,0.4835760674814114,0.030107272939513603,0.34757862416423146,0.014629264610256836,0.08145493516185175,0.008305306995307226,0.00996492352548997,0.0192066901242703
0.254,9.04,3.77492,2.63496,0.17849414077223635,0.024469062471226603,0.37575340615118435,0.012290844483618965,0.1080976027542854,0.006606277524191014,-0.03989779982963288,0.015014897229799614
0.29,10.93,3.8439,2.61804,0.21611073773653447,0.02194307268478852,0.3086728114889929,0.011103359511334475,0.12643818956441177,0.006293885906020038,-0.023515310362625923,0.013626060491601854
0.331,13.03,3.88624,2.60728,0.15365947896905932,0.020038811721073222,0.30309519118675704,0.010805928612136577,0.13574191885054931,0.005794451186980916,-0.01768622776324604,0.011405535216493795
0.427,17.36,3.92866,2.59773,0.1357376218023898,0.015737655107782952,0.23975038792560094,0.008948942700888366,0.1316815664210374,0.004501804904951015,-0.028693598072098935,0.007193971789630616
