t_central,theta_cm,Q2,W,sigma_L,sigma_L_err,sigma_T,sigma_T_err,sigma_LT,sigma_LT_err,sigma_TT,sigma_TT_err
0.198,5.7,3.61601,2.6741,0.5839138406015895,0.03047091290254229,0.30443220832748086,0.014346293822030723,-0.0009801603878281965,0.008428528226895335,-0.018900287887435585,0.01993187015222946
0.254,9.04,3.77492,2.63496,0.2035462812804262,0.023889427972796234,0.3476418142892111,0.011722622144799558,0.00845473948787877,0.0063037022772286285,-0.06883699794803019,0.015507438879340014
0.29,10.93,3.8439,2.61804,0.22155862741982124,0.021248348955070606,0.28333189062746117,0.010575762967197507,0.024814353778273634,0.005749546172549167,-0.04683200367744732,0.013767759385416547
0.331,13.03,3.88624,2.60728,0.12593072279357767,0.018612441866848885,0.2841397800259832,0.010027525825042393,0.0333221369277068,0.004897761580446278,-0.05434586383919696,0.011281612987929979
0.427,17.36,3.92866,2.59773,0.11913642915227987,0.012702607608297464,0.19974638302262152,0.0073113448297966715,0.03437027659861142,0.003278343237462147,-0.0663046506021746,0.00695596506412929
